{
 "home":{
  "fName": "TEDx",
  "sName": "ISMAILIA",
  "mainDescription": "",
  "whyChooseUs":{
   "r1":{
    "icon": "fa-map-o",
    "title": "EVENT LOACTION",
    "details": "Regarding the current special safety precautions, the event will be held in a well organized and prepared place, where all of our team works as a flame for you and your health. The place where the TEDx Ismailia STEM Event will be held is Syndicate of Applicators, you can check the location here: <a href='https://maps.app.goo.gl/f1AgDt44pdFgjYYw7'> Location</a>"
   },
   "r2":{
    "icon": "fa-clock-o",
    "title": "TIME",
    "details": "Mark your calendars for TEDx Youth Ismailia STEM marvelous Event that will be held on 16-2-2021!"
   },
   "r3":{
    "icon": "fa-ticket",
    "title": "Tickets",
    "details": "Purchase your <a class='ticketLink' style='color: #007bff; cursor:pointer'> Ticket NOW! <span class='fa fa-arrow-right purchase'></span> </a> "
   }
  }},
 "services":{
  "mainDescription": "Lorem ipsum dolor sit amet, consectetur adipiscing elit. Etiam nec convallis nulla. Curabitur fringilla nec mauris nec tristique. ",
  "service": {
   "1": {
     "imgSrc": "../media/ser-1.jpg",
     "servTitle": "SERVICE NAME",
     "servDetails": "Lorem ipsum dolor sit amet, consectetur adipiscing elit. Aliquam a laoreet turpis. Interdum et malesuada. "
   },
   "2": {
    "imgSrc": "../media/ser-1.jpg",
    "servTitle": "SERVICE NAME",
    "servDetails": "Lorem ipsum dolor sit amet, consectetur adipiscing elit. Aliquam a laoreet turpis. Interdum et malesuada. "
  },
  "3": {
   "imgSrc": "../media/ser-1.jpg",
   "servTitle": "SERVICE NAME",
   "servDetails": "Lorem ipsum dolor sit amet, consectetur adipiscing elit. Aliquam a laoreet turpis. Interdum et malesuada. "
  },
  "4": {
   "imgSrc": "../media/ser-1.jpg",
   "servTitle": "SERVICE NAME",
   "servDetails": "Lorem ipsum dolor sit amet, consectetur adipiscing elit. Aliquam a laoreet turpis. Interdum et malesuada. "
  },
  "5": {
   "imgSrc": "../media/ser-1.jpg",
   "servTitle": "SERVICE NAME",
   "servDetails": "Lorem ipsum dolor sit amet, consectetur adipiscing elit. Aliquam a laoreet turpis. Interdum et malesuada. "
  },
  "6": {
   "imgSrc": "../media/ser-1.jpg",
   "servTitle": "SERVICE NAME",
   "servDetails": "Lorem ipsum dolor sit amet, consectetur adipiscing elit. Aliquam a laoreet turpis. Interdum et malesuada. "
  }
  }
 },
 "faqs":{
  "mainDescription": "Lorem ipsum dolor sit amet, consectetur adipiscing elit. Etiam nec convallis nulla. Curabitur fringilla nec mauris nec tristique. ",
  "allQ": {
   "q1": {
    "st": "show",
    "question": "QUESTION",
    "projectDetails": "Lorem ipsum dolor sit amet, consectetur adipiscing elit. Nam odio lectus, varius sit amet interdum ac, fermentum vel ex. Quisque.",
    "ans":" Lorem ipsum dolor sit amet, consectetur adipiscing elit. Nam non viverra nibh, malesuada imperdiet ex. Sed eu scelerisque felis, pellentesque vestibulum felis. Nunc pretium imperdiet purus, ac mollis nisl cursus vel. Nunc id augue ut neque finibus molestie vel nec. "
   },
   "q2": {
    "st": "",
    "question": "QUESTION",
    "projectDetails": "Lorem ipsum dolor sit amet, consectetur adipiscing elit. Nam odio lectus, varius sit amet interdum ac, fermentum vel ex. Quisque.",
    "ans":" Lorem ipsum dolor sit amet, consectetur adipiscing elit. Nam non viverra nibh, malesuada imperdiet ex. Sed eu scelerisque felis, pellentesque vestibulum felis. Nunc pretium imperdiet purus, ac mollis nisl cursus vel. Nunc id augue ut neque finibus molestie vel nec. "
   },
   "q3": {
    "st": "",
    "question": "QUESTION",
    "projectDetails": "Lorem ipsum dolor sit amet, consectetur adipiscing elit. Nam odio lectus, varius sit amet interdum ac, fermentum vel ex. Quisque.",
    "ans":" Lorem ipsum dolor sit amet, consectetur adipiscing elit. Nam non viverra nibh, malesuada imperdiet ex. Sed eu scelerisque felis, pellentesque vestibulum felis. Nunc pretium imperdiet purus, ac mollis nisl cursus vel. Nunc id augue ut neque finibus molestie vel nec. "
   },
   "q4": {
    "st": "",
    "question": "QUESTION",
    "projectDetails": "Lorem ipsum dolor sit amet, consectetur adipiscing elit. Nam odio lectus, varius sit amet interdum ac, fermentum vel ex. Quisque.",
    "ans":" Lorem ipsum dolor sit amet, consectetur adipiscing elit. Nam non viverra nibh, malesuada imperdiet ex. Sed eu scelerisque felis, pellentesque vestibulum felis. Nunc pretium imperdiet purus, ac mollis nisl cursus vel. Nunc id augue ut neque finibus molestie vel nec. "
   },
   "q5": {
    "st": "",
    "question": "QUESTION",
    "projectDetails": "Lorem ipsum dolor sit amet, consectetur adipiscing elit. Nam odio lectus, varius sit amet interdum ac, fermentum vel ex. Quisque.",
    "ans":" Lorem ipsum dolor sit amet, consectetur adipiscing elit. Nam non viverra nibh, malesuada imperdiet ex. Sed eu scelerisque felis, pellentesque vestibulum felis. Nunc pretium imperdiet purus, ac mollis nisl cursus vel. Nunc id augue ut neque finibus molestie vel nec. "
   },
   "q6": {
    "st": "",
    "question": "QUESTION",
    "projectDetails": "Lorem ipsum dolor sit amet, consectetur adipiscing elit. Nam odio lectus, varius sit amet interdum ac, fermentum vel ex. Quisque.",
    "ans":" Lorem ipsum dolor sit amet, consectetur adipiscing elit. Nam non viverra nibh, malesuada imperdiet ex. Sed eu scelerisque felis, pellentesque vestibulum felis. Nunc pretium imperdiet purus, ac mollis nisl cursus vel. Nunc id augue ut neque finibus molestie vel nec. "
   },
   "q7": {
    "st": "",
    "question": "QUESTION",
    "projectDetails": "Lorem ipsum dolor sit amet, consectetur adipiscing elit. Nam odio lectus, varius sit amet interdum ac, fermentum vel ex. Quisque.",
    "ans":" Lorem ipsum dolor sit amet, consectetur adipiscing elit. Nam non viverra nibh, malesuada imperdiet ex. Sed eu scelerisque felis, pellentesque vestibulum felis. Nunc pretium imperdiet purus, ac mollis nisl cursus vel. Nunc id augue ut neque finibus molestie vel nec. "
   }
  }
 },"footer":{
  "mainTitle": "WE'D LOVE TO HELP",
  "description": "Please let us know if you have any questions!",
  "copyRight": "Tedx-Ismailia 2021",
  "socialIcons": {
   "icon1":{
    "src": "https://www.facebook.com/TEDx.StemIsmailia",
    "class": "fa-facebook"
   },"icon2":{
    "src": "https://www.instagram.com/tedxyouthismailiastem/",
    "class": "fa-instagram"
   }
  }
 }
}